text,true,pred,confidence,token_length
हजुरको कुरा सुन्दा हाम्रो समय खेर गयो सजित सर,Negative,Neutral,0.8435474038124084,25
वाह सलाम छ छोरी,Negative,Positive,0.8404785394668579,11
हहाहाहाहाहाहा म त पागल भएँ कमेडीले,Positive,Negative,0.8371022343635559,20
बहादुर केटी उनलाई सलाम समीक्षाको लागि बोल्ने तोरी र तोरिनीहरू यो हेर अनि बोल,Positive,Negative,0.8359074592590332,35
अमर दाई अमृत दाई र दुर्गा दिदी सधैँ उत्कृष्ट हुनुहुन्छ बधाई छ,Neutral,Positive,0.8124002814292908,38
बिष्ट महान। रुपक गधा,Negative,Positive,0.8046963810920715,12
मनिष बुबा निकै रमाइलो हुनुहुन्छ 😂,Neutral,Positive,0.7965271472930908,21
जोकर्नी रिप.. राजेश हमाल महानायक हो। तपाईं सहि हुनुहुन्छ दाई 🇳🇵🇳🇵🇳🇵🇳🇵🇳🇵♥️,Negative,Positive,0.7916887998580933,34
मेरो एकमात्र मनपर्ने गुलशन दाई भारतबाट धेरै माया,Neutral,Positive,0.7905479073524475,21
को हो यो केटी,Neutral,Negative,0.7880328297615051,7
दलाल प्रचण्ड प्रधानमन्त्री भएकै दिन आशा मर्यो सर,Negative,Neutral,0.78513103723526,25
बहिनी धेरै राम्री रहेछिन् + शिक्षित पनि रहेछिन् र निर्दोष छिन् जस्तो लाग्यो बहिनी इमानदार हुनुको फाइदा उठाएको जस्तो लाग्यो,Neutral,Positive,0.7844184637069702,59
फेरि एकपटक हामी मञ्चमा सुनितोषलाई हेर्न चाहन्छौँ,Positive,Neutral,0.7815994024276733,29
सुजित जी यौ गूद जोब लुच्किंग यौ धेरै अरुको वाधा वोल्नुता आउदैन हाम्रो गु घरको वसले वोल्क्षु क्षत्त क्षिन वयेको देशको विकाश नुक्षकि वन्ने हाम्रो ठुलो सशा गर्क्षु यौ गूद ऑल गूद,Positive,Negative,0.777362048625946,94
काम गरेर खाएको रिस गर्नेहरूको परिवार पनि सडकमा देख्न पाऊँ हे भगवान,Negative,Neutral,0.7750594615936279,26
यो बुढो को हो त सधैं जोसिने नेपालको,Neutral,Negative,0.7720804810523987,17
काका तिम्रो दिनगन्ती सुरु भयो!,Negative,Neutral,0.7717103958129883,15
थुक्क कति ह्यान्डसम मान्छेलाई छोडेकी त बिचरा त्यो नानीको बिचल्ली गड ब्लेस यु नानु ,Neutral,Negative,0.7704038619995117,44
कमेन्टमा लुगाको होइन सम्बन्धको कुरा छ 😂,Negative,Neutral,0.7589071989059448,20
गुलशन बास्तोलाको डान्स राम्रो छ,Neutral,Positive,0.7581250071525574,17
मेरो नेता शिशिर र लीला आदि भारतका कठपुतली मात्र हुन्... तर म जसरी पनि शेरबहादुरलाई नै भोट दिन्छु,Negative,Neutral,0.7548254728317261,43
यो खुसीको खबर हो नेपाली फटाहा मानिसहरूका लागि म खुसी छु 🎉 ५०० मा बिक्ने मासु भातमा बिक्ने अब मेरो लाडो चुस नेपाली मानिसहरू,Negative,Positive,0.7544134259223938,56
काकालाई मन मुटु देखि नै सम्मान मेरो शिर नै झुक्यो मान्छे मान्छे किन यस्तो हो उफ 🙏🏾🙏🏾🙏🏾,Positive,Negative,0.7530191540718079,38
यस्तो कुरा गर्नु मिल्दैन क्या राइजिङ धमला,Neutral,Negative,0.7526652216911316,24
डोट्याली झल्कियो बाडाको मुखमा ओपी काका ❤️❤️,Neutral,Negative,0.7525421977043152,22
कान्तिपुर अनलाइक गरियो विनोद कहाँ छ,Negative,Neutral,0.7502466440200806,21
सर प्रकाश सरलाई विचार राख्नको लागि दिनुभएकोमा धन्यवाद,Neutral,Positive,0.7417570352554321,24
बाबुराम चोरको राम्रो कुरा गर्नुभएकोमा धन्यवाद,Negative,Positive,0.7377950549125671,23
रुपक धमला मात्र एक व्यक्ति हुन् जो पूर्ण आत्मविश्वासका साथ कार्यक्रम सुरु गर्छन्। रुपक जीलाई उल्टै अन्तर्वार्ता लिने कलाकार भनेको कमला दिदी मात्र हुन् के मज्जाले बोली जित्नुहुन्छ,Neutral,Positive,0.7362645268440247,71
अन्तर्वार्ता लिने सर पनि खुसी छैनन् प्रकाश सपुतको गीतसँग। प्रकाश सपुतले प्रमाणित गरे कि उनी धेरै विनम्र छन् 🌍,Neutral,Positive,0.7351919412612915,46
खासै राम्रो अन्तर्वार्ता भएन !! हल्का लाग्यो !!,Negative,Positive,0.7337356805801392,27
किन चौरीस मरिच आफ्नैले पिरोले.,Neutral,Negative,0.7332349419593811,22
सलाम छ दिदी बिचरा बाबु 😭,Neutral,Positive,0.7293681502342224,18
आज त सिंह अवाक् !!😂,Positive,Negative,0.728257954120636,12
प्लिज अर्को पटक नीलु म्यामलाई चाहिँ नराख्नु होला प्लिज,Negative,Neutral,0.727824330329895,33
नेपाल डान्सिङ भएपछि नेपाली गीतमा गर्नु नि किन इन्डियन गीतमा डान्स गर्नु पर्यो,Negative,Neutral,0.718457818031311,32
दादा को वोइचे सुन्दा ने आनन्द लग्क्ष,Positive,Negative,0.7183873057365417,21
धेरी दिन पक्षि हेर्न खोजेको एपिसोड़े हेर्दैक्षु,Neutral,Negative,0.718300461769104,22
डडेलधुरालाई नेपालकै सुन्दर सहर बनाऔँ 🇳🇵🇳🇵🇳🇵🇳🇵🇳🇵,Neutral,Positive,0.7108339071273804,21
जो सुरक्षित हुनुपर्ने हो त्यो बाहिरिन्छ जो हुनुपर्ने त्यो हुन्न यो के हो ?? कमला अर्को भागमा बाहिरिनुपर्छ सर विराट जी तपाईँ अभागी हुनुहुन्छ,Negative,Neutral,0.7058440446853638,64
आमा धेरै माया अनि सम्मान ... 😘,Neutral,Positive,0.7043935060501099,16
अनि तमसोमा ज्योतिर्गमयको अर्को एउटा भाग थपियो जुन म हेर्दिन... अहिलेसम्म जम्मा ४ भाग हेरेको छैन...,Negative,Neutral,0.7026209235191345,51
यी नानीहरू त ज्यादै खुच्ची रहेछन् नि! जे होस् राम्रो डान्स,Negative,Positive,0.7024441361427307,32
धेरै विनम्र मिस्टर दिप बहादुर पुन तपाईंलाई सलाम 👋 तर रमेश जी अनि कतिपय सहभागीहरूको प्रश्न अनि सोध्ने तरिका मन परेन.... कसैको गरिमा र आत्मसम्मानलाई ठेस पुग्ने आशयले प्रश्न गर्नु सही होइन र हुँदैन जस्तो मलाई लाग्छ बाँकी सबै ठिक छ 👍,Neutral,Positive,0.6996123790740967,119
कति विज्ञापन राखेको भिडियोमा?,Negative,Neutral,0.6970446109771729,18
"मनिष लामिछानेसँग प्रतिस्पर्धा गर्छ। गफाडी,",Neutral,Negative,0.6938804388046265,27
हेर क्षोरि कति खुसि क्षे,Positive,Negative,0.6918821930885315,17
पालो सबैले पाउनु पर्छ शुभकामना लक्ष्मण शाह,Neutral,Positive,0.6918705701828003,24
आँसु झर्यो पहिलो पटक अन्तर्वार्ता हेरेर 😢,Neutral,Positive,0.6915958523750305,22
छ्या कस्तो नेपाली भएर नेपालीलाई नै दुःख दिन खोजेको यार 😭 प्लिज एमसीसी रद्द गरिदिनु प्लिज भगवानको त डर मान्नु पर्छ नि 😭😔,Neutral,Negative,0.691547691822052,57
सबै जनाको यस्तै हुनुपर्छ जस्तो लाग्छ बुबा / छोरी,Positive,Neutral,0.6868016123771667,26
अन्तर्वार्ता धमलाले लिएको कि धमलाको चाहिँ लिएको हहाहा... लक्ष्मण दाई कस्तो सटिक बोल्ने मान्छे,Neutral,Negative,0.6854435801506042,48
एमसीसी खारेज नै गर्नुपर्छ राम्रो काम ज्ञानेन्द्र सर 🙏,Neutral,Positive,0.6846834421157837,23
प्रदीपले पुरस्कार त पाए खोइ त केही शब्दहरू राख्नु पर्ने हाँसो उठ्छ बोल्न नजानेको हो कि ढाँचा नै त्यस्तो हो... अलमल भयो,Neutral,Negative,0.6826457977294922,59
आफ्नो स्वार्थको लागि,Negative,Neutral,0.6813395023345947,9
प्रकाश ओखेडा सर उनी राम्रो मान्छे हुन् अनि सोनिका पनि राम्रो हो तर खै के भयो १ चोटि सजाउँछ सबैले तर बारम्बारको गल्तीले गर्दा ओखेडा सरलाई असर गर्यो,Negative,Positive,0.6800886988639832,63
ए भगवान हाम्रो देशमा मात्र किन यस्तो हुन्छ 😭,Negative,Neutral,0.6800165772438049,17
केही काम छैन अब यसमा पनि दबाउन थालियो। सजित सर सबैभन्दा प्रतिभावान हुनुहुन्छ,Neutral,Positive,0.6796695590019226,34
दाजु मेयरमा उठ्नु पर्छ प्लिज,Positive,Neutral,0.6788442730903625,18
पाथीभरा देवी मातासँग प्रार्थना गरेको छु त्यो मण्डल पनि छिट्टै नर्कमा परोस् ☠️☠️☠️☠️,Negative,Neutral,0.6773979067802429,36
हे भगवान किन होला हाम्रो ठाउँका मान्छे यस्ता,Neutral,Negative,0.6762345433235168,21
तिहारको शुभकामना पञ्जाबबाट शुभ प्रभात,Neutral,Positive,0.6734269857406616,25
के को खतरनाक? चीन अफ्रिका जापान जस्तो हुनुपर्छ,Negative,Neutral,0.6708381175994873,24
अब त बीए गर्न नै डर लागिसक्यो मलाई त भर्खर लागेको लाहुरे बीए गर्ने अवस्था नै नहुने भयो कि क्या हो डर लाग्यो प्रभु 😥,Negative,Neutral,0.6684844493865967,53
हैन यो काइनमास्टरले क्वालिटी एडिट गर्छ यो पूरै मान्छे बदल्ने काम कहाँ गर्न सक्छ हो जेप्टी भन्दिने,Neutral,Negative,0.6684010028839111,46
यस्तो देउता जस्तो श्रीमान् 😭 सँग के गरेको तैँले 😭,Neutral,Negative,0.6678187251091003,25
नेताहरू हाँस्ने भए..... हेहेहे....,Neutral,Negative,0.6663817167282104,23
शुभकामना सर म मुम्बईबाट हेर्दै छु,Neutral,Positive,0.6656931638717651,23
सुन्दर एसडीए बबाल तर नम्बर कम किन,Neutral,Positive,0.6646267771720886,19
नेपाली हरु ले हेरी दिनु सुनीदिनु होला  मिलन नेवारको गीत मलाई तपाईँको गीत मनपर्छ र तपाईँको याद आउँछ,Neutral,Positive,0.6639522910118103,49
साँचो माया कहिल्यै पूर्ण हुँदैन कि त केटाले धोका दिन्छ कि त केटीले 🥺,Negative,Neutral,0.6603748202323914,35
आमै कति माया गर्दो रहेछ बिचरा भाइले,Positive,Neutral,0.6599943041801453,22
ट्रेन्डिङ १ मा हुनुपर्छ ❤️❤️❤️,Positive,Neutral,0.6584587097167969,15
पृष्ठभूमि ध्वनि (ब्याकग्राउन्ड साउन्ड) स्पष्ट राख्नुभयो भने अन्तर्वार्ता हेर्न मन लाग्छ यो त बाधा भयो,Negative,Positive,0.6580374836921692,53
दर्सुक्स र नेपाल हार्छ,Neutral,Negative,0.6557801365852356,11
"मेरो लागि आज कालो दिन भयो,,,,,",Negative,Neutral,0.6551241874694824,15
"लालेको पनि गल्ती छ पारु भन्नेलाई पनि प्रशिक्षक चाहिँ नहोस् हे अमित सर,,",Negative,Neutral,0.6548553705215454,38
ऋषिलाई कुट्छन् होला है हाहा 😊,Negative,Neutral,0.6538315415382385,15
भूषण दाहाल जी कान्तिपुर छोडेर एएपी१ मा,Neutral,Negative,0.653069794178009,21
थुतुनो छोपेर बोल्ने गर्नुहोला कृपया! तपाईँ-हामी सबैको सुरक्षाको लागि हो त्यसैले कृपया सबैले बुझ्ने कोसिस गर्नुहोला,Negative,Neutral,0.6485763192176819,58
यो भएन सबै गाडी छोडिदिऊँ विमल कुशवाहाको सहमतिमा लकडाउन खोलौँ,Neutral,Negative,0.6485310196876526,39
अब मैले फाइनल चाहिँ नहेर्ने निर्णय गरेँ 😅,Negative,Neutral,0.646678626537323,25
हेरौँला म्याडम तिम्रो पनि चुरीफुरी ल हेरौँ,Negative,Neutral,0.6453126668930054,24
म शिशिर सरको अन्धभक्त हुँ कृपया युवराज सर माननीय हाम्रो शिशिर सरलाई स्टुडियोमा बोलाउनु २००० भागमा,Neutral,Positive,0.6420581936836243,54
भगवानले रक्षा गरून् नानी हिम्मत कहिल्यै नहार्नु 💙,Positive,Neutral,0.6384457945823669,26
यो पुराना हतियारहरूलाई म्युजियममा राखे राम्रो.. त्यही पनि यो हुनु नहुनु कुनै अर्थ रहेनछ,Neutral,Negative,0.6383832693099976,41
मुख यस्तो देखियो रे कस्तो रमाइलो 😅,Negative,Positive,0.6373797655105591,20
अहिलेको 'भोइस अफ नेपाल' सिजन ३ को विजेता सन्तोष गजमेर हुनुपर्छ... हजुरको लागि हामी सक्दो भोट गर्नेछौँ भगवानले रक्षा गरून् ❤️❤️❤️,Neutral,Positive,0.6373774409294128,62
प्रधानमन्त्री चाहिँ मन पर्यो,Neutral,Positive,0.6369407773017883,14
चुनावको खर्च उठाउन पेट्रोलियमको मूल्य वृद्धि गर्ने गठबन्धन सरकारसँग राप्रपाको झापास्थित लिङ्देनको निर्वाचन क्षेत्रको गाउँपालिकामा गएर हेर्दा हुन्छ,Negative,Neutral,0.636526882648468,56
यस्तो सोध्नेलाई त भक्कु धुलाई दिन्थे मान्छेलाई कति तनाव भएको बेलामा कसरी प्रश्न गरेको हेपेको हो कि? कार्यक्रम चल्नु र तलब पाउनु उही दुःखी र पीडितबाट हो तर कृपया मलाई त चित्तै बुझेन। फुर्बा दादा जीवनमा राम्रो र नराम्रो समय सबैकोमा आउँछ कसैलाई कुन समयमा हुन्छ याद हुँदैन तर बलियो बन्नुहोस् तपाईँ बहादुर र दयालु हृदयको मान्छे हो।,Negative,Neutral,0.6333134174346924,160
नर्कमा जा सूर्य सर।,Negative,Neutral,0.6327704787254333,12
लाइट म्यानेजमेन्टको कमी छ कति राम्रो डान्सरहरू छन् तर लाइटले गर्दा खतरा देखिएन डान्सरले मात्र होइन लाइट म्यानेजमेन्ट टोलीले पनि सँगै अभ्यास गर्नुपर्ने देखियो,Negative,Neutral,0.6322521567344666,72
यस्तो रोमान्टिक अन्तर्वार्ता लिएपछि नेपाली केटी इन्डियन केटा खोज्छन् है,Neutral,Negative,0.631763756275177,31
दुनियाँलाई थाहा भयो प्रहरीलाई थाहा हुँदैन 😆,Negative,Neutral,0.6305835843086243,20
यो समाचार हेरेपछि पूरा ऊर्जा आउँछ हो,Positive,Neutral,0.6266446709632874,17
कसम उमेशले बोलेको हरेक कुरा एउटा विकसित देशको जस्तो छ। यसपालि उसलाई नजिताउने हो भने काठमाडौं बासीहरू झोले हुन् भन्ने प्रमाणित हुन्छ। व्यवस्थित सहर चाहिन्छ भने उमेश नै उमेश। बालेनलाई भोट,Neutral,Negative,0.6262759566307068,82
"ओ हेलो केटी, १२:३० मा सुटिङ र डिनर पछि मोडलिङ फिल्डको मान्छे फेस वास लिन मज्जाले जान सक्छ, तेरो जस्तो ८ बजे नै बेडतिर जाने लाइफ नहोला नि त हो",Negative,Neutral,0.6261973977088928,76
फेरि आईएमए समूहलाई लिफ्टको टेन्डर परेको अवस्था 😂 यस्तो छ हाम्रो देश,Negative,Neutral,0.625725507736206,33
एक पटक अमेरिकी सेना पस्यो भने त्यो देश समाप्त हुन्छ जस्तै जापान थाइल्याण्ड दक्षिण कोरिया इरान। कंगो यसको ठुलो उदाहरण हो जुन हामीले देख्न सक्छौँ।,Negative,Neutral,0.6256973743438721,57
ठग्यो अनि चुनावको बेलामा भोट माग्न आउँछ,Negative,Neutral,0.6255539059638977,21
म त यो भिडियो पहिले नै हेरिसकेको थिएँ त्यो बेला पनि म साह्रै रोएको थिएँ आज पनि दोहोर्याएर हेरेँ आज पनि साह्रै रोएँ। किनकि खुलेर मनबाट बोल्नुभयो भगवानले रक्षा गरून् हङकङबाट,Neutral,Positive,0.6247358322143555,83
अन्ततः कोही आर्थिक ज्ञान भएको मान्छे आयो !!!,Positive,Neutral,0.6238595843315125,18
सौगात दाई स्वरूप परिवर्तन गर्नु पर्यो,Negative,Neutral,0.6235108971595764,15
महामहिम' उनको/उनी महामहिम भनेको 'महान + महिमा' वा 'ठूलो मान सम्मान' पाउन योग्य विदेशी पाहुना भनिएको हो।,Neutral,Positive,0.6226063370704651,55
जी बब भाई चिन्ता नगर खुट्टा तान्ने धेरै हुन्छन्। तिमी अघि बढ जनता तिम्रो साथमा छन् ❤️,Positive,Negative,0.6219093799591064,38
रुपक सापकोटा दाईको नाम सुन्दैमा छाती चौडा भएर आउँछ,Positive,Neutral,0.6216962933540344,29
हिन्दी बोल्छ त यो पुलिस कुन सहर हो,Neutral,Negative,0.62088543176651,16
केटीको गीतमा केटाको डान्स हुँदै भएन। त्यही भएर फ्लप भएको गीत,Negative,Neutral,0.6199890375137329,32
अनमोल रोक्काको फिल्म बहिष्कार गर्नु पर्ने नै हो र?,Negative,Neutral,0.6196038126945496,25
१००० मिलियनमा पुगोस् तपाईँको लाइक,Positive,Neutral,0.6175782680511475,21
सञ्जीवलाई जित्न गाह्रो छ तर असम्भव छैन यदि उनले जिते भने युवाहरूको नयाँ क्रान्ति सुरु हुनेछ,Positive,Neutral,0.6162850260734558,41
यसमा अचम्मको कुरा चाहिँ के भयो? टिप्पणी नकारात्मक रूपमा नलिनु होला तर वैज्ञानिकको उपाधि दिनलाई नयाँ कुरा बनाउनु पर्दैन?... डायनामो मोटर वाकीटकी यस्तो सामान त पहिले बनेको हो र मुला..,Neutral,Negative,0.6143971085548401,88
विक्रम बहादुर जीलाई स्मार्ट सिटी उच्चारण गर्नै गाह्रो भयो डडेलधुरा र समग्र देशको विकास गर्न कति कठिन होला त अरू उम्मेदवारहरूको विकास रणनीति नै छैन। त्यसैले युवालाई भोट आयुष ढुङ्गानालाई भोट,Neutral,Negative,0.6125087738037109,84
एउटाको गल्तीले गर्दा अर्कोले पनि छोड्नु बढिया भयो यो मञ्च 😎,Neutral,Negative,0.611624538898468,30
उप-विजेता टोली प्रखर ❣️,Neutral,Positive,0.6096137166023254,15
दाजु हजुर नानीलाई राम्रोसँग ख्याल गर्नु हजुर हजुर हजुर हजुर,Positive,Neutral,0.6082254648208618,33
बास्कोटाको कट्टुमा पेट्रोल छिट्काएर आगो लगाउनु पर्छ अब ,Negative,Neutral,0.6061810255050659,31
हेर्न सक्दिन अन्तिम सम्म नितेश सर.. यो भिडियो.. पहिलो कास्टिङ हेरेरै मन भक्कानियो मेरो.. 😂,Neutral,Positive,0.6057388186454773,48
मेरो सपनाकी रानी अञ्जली सानु म तिमीलाई धेरै धेरै माया गर्छु...,Neutral,Positive,0.6054099202156067,33
मेसिन लाडो जस्तो नेपालको लाइभ चाहिँ किन नदिएको,Negative,Neutral,0.6054065823554993,24
खाली अंग्रेजी शब्द प्रयोग गरेको छ दोस्रो बुढोलाई सुनाएको हो कि,Negative,Neutral,0.6053012013435364,22
बिराज भट्ट पहिलेको जस्तो राउडी,Negative,Neutral,0.6039820909500122,18
यो केटी पल शाहले म तिमीलाई माया गर्छु भन्यो भने खुसी हुन्छिन्। वाह रे पागल! काम गरेर देखाऊ तर विनीत शाह निर्दोष पागल हुन्,Negative,Positive,0.6033266186714172,61
यो कमेडी शो हो कि अन्तर्वार्ता हो केही बुझिनँ 🤣,Negative,Neutral,0.6012156009674072,24
निकाल्नु.. अरू.. लाई न.. चाहिने.. कुरा.,Neutral,Negative,0.5992775559425354,27
नेपालीको जनता र मिडिया। आफैँ अदालत आफैँ वकिल आफैँ कानुन 😂,Neutral,Negative,0.5986413359642029,33
बाबुको जमानामा दादा नै थिए जस्तो छ,Negative,Neutral,0.598365306854248,20
तपाईं हरेक एकल आमाको लागि एक उदाहरण हुनुहुन्छ अब सायद धेरैमा हिम्मत आउँछ होला हजुरलाई देखेर,Positive,Neutral,0.5979093909263611,44
स्मार्ट टिभी मन पराउने यता हाजिर गरौँ र मेरो च्यानललाई पनि सब्स्क्राइब गरिदिनु होला प्लिज 🤗 🤗,Positive,Neutral,0.597077488899231,51
आज हजुरको स्वरमा फरक देखियो,Neutral,Positive,0.5966268181800842,15
उनले आफ्नो विचार व्यक्त गर्न सक्थिन् तर जसरी उनले हिन्दी नेपाली भाषा हो भनेर भनिन् त्यो वास्तवमै लज्जास्पद छ ....... त्यसोभए के नेपाली भाषा चाहिँ दक्षिण अफ्रिकाबाट आएको हो र 🙄,Negative,Neutral,0.5963501930236816,73
यो मान्छे रुपक दाईको पार्टीमा लागेर अगाडि बढ्नु पर्ने... अनि आफ्नो भिजन पनि प्रयोग गर्न पाउँथ्यो... आएर गायब हुन्छ जस्तो लाग्छ भाई तर शुभकामना,Neutral,Positive,0.596155047416687,68
नवल खड्का प्रयास ढुङ्गाना र प्रेम गीतको टोलीलाई सँगै राखेर अन्तर्वार्ता लिनुहोस्,Neutral,Positive,0.5959086418151855,47
विद्युतीय सवारी साधनहरू पनि सस्तो मूल्यमा ल्याउनु पर्यो..,Negative,Neutral,0.595617413520813,27
मानवता भन्ने १ प्रतिशत छैन..,Negative,Neutral,0.5922619104385376,11
"तर भाई अलि धेरै बोल्ने , छिटो बोल्ने",Negative,Neutral,0.590870201587677,19
रियासाले गर्दा ४ पटक भयो यो भिडियो हेरेको,Positive,Neutral,0.5894005298614502,21
बलियो बन्नुहोस् हामी सधैँ तपाईँको साथमा छौँ .. गीत गाउन चाहिँ नछोड्नुस्,Positive,Neutral,0.5886970162391663,45
भिम रावल चुनावमा जान पाउनुपर्छ तर अहिलेको आवश्यकता रुपक खरेल हो,Neutral,Negative,0.5880369544029236,28
त्यसलाई भित्र आउन पनि दिनु हुँदैन,Negative,Neutral,0.5878557562828064,18
छ्या सोदीप निका भन्दा त भगवतीले राम्रो गर्नु हुन्थ्यो तर टोली रोजरिङलाई सलाम 😇,Negative,Positive,0.5854170322418213,38
यति राम्रो कामलाई पनि मन नपराउने को बुद्धि सप्रियोस्,Negative,Positive,0.5851094722747803,25
तपाईँले त्यो नारायण यादवको तस्बिर किन युट्युबमा हालेको छैन,Neutral,Negative,0.5848402380943298,34
अर्को सिजनमा चाहिँ कृपया विजय लामा सरको जोडी हेर्ने मन छ कृपया कुशलता दिदी,Neutral,Positive,0.5834556818008423,42
प्रज्वल सरको शक्तिशाली शब्दहरू वाह! यस्तो केटीलाई के स्वीकार गर्नुहुन्छ भाई? कोही त होला हजुरको दुःख बुझ्ने। भगवानले रक्षा गरून् बलियो बन्नुहोस् भाई,Positive,Neutral,0.5832530856132507,73
यस्तो देखेपछि त बुढी भएकोसँग आउने आइमाईहरू अलि सचेत त होलान् 😂🙄👊👀,Neutral,Negative,0.583226203918457,35
हाहा 😂 यस्ता पनि डान्स हुँदा रहेछन् नेपालमा गाउँ घरमा हुन्छ यस्तो डान्स त,Neutral,Negative,0.5813356041908264,31
अर्जुन सरको बोली त्यही हो तँ तँ र म म। तर राम्रो कुरा गर्नुभयो। 😄😀 डन जस्तो ए बोल ए आइज हहा,Negative,Positive,0.5810977220535278,49
ए यार यस्तो कसैको जीवनसँग खेलबाड चाहिँ नगर न हौ उसको जे जति खर्च भएको छ त्यो ब्याज सहित फिर्ता गरियोस्,Neutral,Negative,0.5800930261611938,49
बरु पब्जी खेल्नेलाई पनि नराम्रो भनी प्रचार नगरौँ..,Neutral,Negative,0.579132616519928,27
रसाइलीले जे बोले ठिक लाग्यो तर पाण्डेले कान बन्द गरी राख्छ,Positive,Negative,0.5767470598220825,31
बिबेक तिमी उत्कृष्ट नृत्य निर्देशक हौ तिमीलाई सलाम दुई ओटा डुङ्गामा खुट्टा हालेर नदी पार गर्न सकिन्न,Neutral,Positive,0.5761746168136597,51
यो हो नेपाल आमाको छोरी अंकिता चौधरी,Neutral,Negative,0.5759907364845276,18
निर्णायकहरू (जज) उत्कृष्ट नृत्य निर्देशकहरू राख्नु पर्यो उत्कृष्ट नायक नायिका होइन,Negative,Positive,0.5750865340232849,40
सकियो अब तिमीहरूको पालो। कम्युनिस्ट काङ्ग्रेस माओवादी अनि अन्य पार्टीहरू साइड लाग्दा हुन्छ। बिदा!,Negative,Neutral,0.5748544931411743,44
मलाई लाग्छ मलाई लाग्छ... अहँ मलाई लाग्छ मलाई लाग्छ.... नाक क्या लामो के!!!!,Negative,Neutral,0.5711095333099365,45
४के भन्नु मात्र रहेछ भिडियो गुणस्तर १०८०पी भन्दा माथि छैन त,Negative,Neutral,0.5709878206253052,31
11को परीक्षा चाहिँ किन निरन्तर हो र? के ११ कालाई कोरोना लाग्दैन?,Negative,Neutral,0.569298267364502,32
कता जानुभयो डाक्टर महावीर पुन दाजु..,Neutral,Positive,0.5685491561889648,25
भिटेनकी प्रेमिका सिम्या अवन्तिका गुरुङ रमाइलो गर्दै,Neutral,Positive,0.5682958960533142,28
एउटा पनि गलत साइज नहुने ब्रोको सपिङ कौशललाई मान्नै पर्छ,Positive,Neutral,0.5671346187591553,33
भूषण दाहालको अति कमजोर प्रस्तुति... नाम कडा राख्दैमा कार्यक्रम कडा हुँदैन हामीले यो अन्तर्वार्ताबाट केही नयाँ कुरा सुनेनौँ,Negative,Positive,0.5668933391571045,57
दाजु मलाई ३२ जना जति अरूको अभिनय गर्न आउँछ प्लिज मेरो प्रतिभा पनि सहयोग गर्नु पर्यो सुर्खेतबाट,Neutral,Positive,0.5659825205802917,48
पत्रकार ज्यू यो श्रीमान् भनिएकालाई अलि बुँदागत प्रश्न सोध्नुहोस्,Neutral,Negative,0.5653111934661865,35
यो हमलाको प्रश्न नै भएन सुरेशको उत्तर नै नबुझी बोल्ने 😔 सुरेशलाई भोट हालौँ 🙏,Neutral,Negative,0.5642119646072388,39
माथिल्लो जातबाट तल्लोमा गयो भने दुःख पाइन्छ तर तल्लो जातबाट माथिल्लोमा आयो भने दुःख पाइँदैन। ससुरालीमा तल्लो जातकी बुहारी स्वीकार गरिन्छ तर माथिल्लो जातकी केटी तल्लो जातको केटासँग गयो भने आफ्नै माइतीले घृणा गर्छन् मलाई अनुभव छ,Negative,Neutral,0.563445508480072,121
पवन दीपलाई जति सक्दो चाँडो अन्तर्वार्तामा ल्याउनु पर्यो...,Neutral,Negative,0.5614984035491943,33
बङ्गलादेशी गोलकिपर रूपा चक्मा विपक्षीका सबै प्रहारहरू बचाउन पर्खाल जस्तै हुन्... जीउ जिरिङ्ग भयो...,Positive,Negative,0.5612624287605286,52
धेरै दर्शक पाउन जे पायो त्यही शीर्षक नराख्नुहोस् कसैको अनुहार नबेच्नुहोस्। यो कस्तो च्यानल हो यो?,Negative,Neutral,0.5603929758071899,57
मलाई प्रीति मन पर्छ तर उनी त्यति स्थिर छैनन् .. जो सँग फिल्म खेल्यो त्यही सँग प्रेम पर्छ। जस्तै सुरुमा सुदर्शन विमल विमल र अहिले आकाश .. आफू कुनै कुरामा निश्चित नभई यसलाई सार्वजनिक गर्नु हुँदैन जस्तो मलाई लाग्छ। आशा छ तपाईँले चाँडै राम्रो साथी पाउनुहुनेछ। यसलाई सकारात्मक रूपमा लिनुहोला 😊,Negative,Positive,0.560322105884552,138
अब लिपस्टिक गाजल पोते चुरा लगाएर हिँड्नुस् होला......,Neutral,Negative,0.5600745677947998,33
इन्डियाको राजकोटबाट नियमित समाचार हेर्छु धेरै राम्रो,Positive,Neutral,0.5600226521492004,24
त्यो घडीको आवाजले डिस्टर्ब भयो,Negative,Neutral,0.5593076348304749,17
उनले काठमाडौं मात्र होइन पूरै नेपाल परिवर्तन गर्नेछन्। जित्यो भने १००% पार्टी खोल्छन् त्यसपछि हामी उनलाई मन्त्री वा प्रधानमन्त्री बनाउन भोट दिनेछौँ.. राम्रो आशा गरौँ,Positive,Neutral,0.5580554604530334,68
आकाशलाई एलिजा मन परेछ हहाहाहा,Neutral,Negative,0.5574699640274048,19
कृपया दीपा-दीपकको चलचित्र 'छक्का पञ्जा' बहिष्कार गरौँ,Negative,Neutral,0.5572102665901184,33
अन्ततः पर्खाइ सकियो,Positive,Neutral,0.5565222501754761,13
सिम्रन चिन्ता नगर सत्यको जहिले पनि जित हुन्छ... तिमी साँचो साँचो बोल जित तिम्रै हुन्छ,Positive,Neutral,0.5560546517372131,42
कस्तो विडम्बना भक्कानो फुटेर आयो 😭,Neutral,Negative,0.5550553202629089,21
अलि भिडियोको गुणस्तर भएन,Negative,Neutral,0.5550140738487244,17
नेपाली भाषा सिक्नु पर्यो यस्ता मुस्लिमले,Negative,Neutral,0.554485559463501,14
राम्रो अस्पतालमा जाँच गराउनु पर्यो,Neutral,Positive,0.55328369140625,19
सुमित गौतम मेरो काँडो खाउ 😂,Negative,Neutral,0.5520554184913635,18
र सित्तैको सामानको पैसा लिन्छ,Negative,Neutral,0.5513771772384644,18
म्यादी प्रहरी हेर्दा मात्र हुन्छ उनीसँग के त्यस्तो महान् कुरा छ र,Negative,Positive,0.5511423349380493,29
जगदीश दाई यो जोडीलाई नछुटाउनु प्लिज यो जोडी सँगै भएको हेर्ने मन छ 🙏😞,Neutral,Positive,0.5503044128417969,37
किरातेश्वर पारुहाङ जसलाई शिव पनि भनिन्छ उनले किरात जनतालाई नेपाल बचाउन आशीर्वाद दिऊन्।,Neutral,Positive,0.5501639246940613,39
स्वस्तिमा जी के भएको त्यस्तो घमण्ड किन हो? बोल्ने तरिका अलि मिलेन जस्तो छ। सुपरस्टार हुँ भन्ने घमण्ड छ जस्तो छ तर तपाईँ सुपरस्टार होइन तपाईँ त निश्चयको कारणले मात्र चर्चित हुनुभएको हो,Negative,Neutral,0.548540472984314,88
भिम रावललाई प्रधानमन्त्री बनाउनु पर्छ,Positive,Neutral,0.5473881363868713,17
समीक्षा अधिकारी दुर्गेश पाण्डे र अन्य ५ जनासँग दुःखी छिन्। 😂😁,Neutral,Negative,0.546879768371582,31
कस्तो खालको छोरा होला आफ्नै जन्म दिने आमालाई बोझ मान्ने... उसको छोराले पनि भविष्यमा त्यस्तै गर्छ... धन्यवाद दिदी तपाईँ धेरै दयालु हुनुहुन्छ... आमाको जीवन परिवर्तन गरिदिनु भएकोमा... भगवानले रक्षा गरून् दिदी..,Negative,Neutral,0.5454117059707642,106
अर्याल यो के हो 🤔 त्यसो भए एउटा गीत गाउनुहोस् 😡,Negative,Neutral,0.5450478792190552,27
म मुम्बईमा भए पनि पल शाहलाई अति मन पराउँछु म पल शाहलाई माया गर्छु,Neutral,Positive,0.5436227321624756,39
डान्सिङ स्टार हो कि डान्सिङ विथ द स्टार नेपाल हो म त झुक्किएँ के जे होस् शुभकामना,Neutral,Negative,0.5422660708427429,43
यो कमला कर्माचार्यले भने अनुसार गरौँ ना नेपालमा भारतीय रुपैयाँ चलाए भइहाल्यो नि भारतीय नोट त नेपालमा जहाँ तहीँ चल्छ त,Neutral,Negative,0.541999876499176,47
हेलो भाई बहिनी मेरो प्यारो मिडिया भाई म इन्डिया आर्मी मेजर सी बी सुनार आर्मी मेडिकल कोर्प्सको हो हजुरलाई धन्यवाद,Neutral,Positive,0.541462779045105,54
यदि जबर्जस्ती अरूको इच्छा विपरीत त्यस्तो भएको हो भने ठिकै छ तर यदि आफ्नै इच्छाले शरीर बेचिएको हो भने उनीहरूलाई छोडिदेऊ... पैसाको शक्ति हो भाई.,Neutral,Negative,0.5406813025474548,65
कति प्यारी छोरी ठ्याक्कै ममी जस्तै। यस्तो प्यारी छोरीलाई छोड्न सकेकै हो कस्तो निष्ठुरी आमा,Negative,Positive,0.5404161214828491,48
गफ दिन आउँदैन भन्छ तर पहिलो देखि अन्तिम सम्म गफ नै दिइरहेको छ,Negative,Neutral,0.5389625430107117,29
त्यही त सहयोग गर्नुहोस् बाँचुञ्जेल। सरकारको ढोका ढकढकाउनुहोस्...,Neutral,Negative,0.537185788154602,41
खोइ विशेष अन्तर्वार्ता त्यो केटीको,Neutral,Positive,0.5369760990142822,17
भोइस अफ सिजन ४ को होस्ट राज दाई भएको भए रमाइलो हुन्थ्यो कि,Neutral,Positive,0.5367611050605774,30
अरू पत्रकारले कसरी प्रश्न सोध्ने भनेर हाम्रो सामाजिकबाट सिकुन्।,Positive,Negative,0.5359669923782349,30
दाईले न्याय पाउनु पर्छ,Neutral,Positive,0.5346300601959229,14
म पनि केकी अधिकारी दिदीसँग सहमत छु,Positive,Neutral,0.5310936570167542,19
रियु हामी तिमीलाई फेरि 'आजकालको लभ' मा हेर्न चाहन्छौँ प्लिज,Neutral,Positive,0.5289187431335449,34
भगवानले रक्षा गरून् हजुर लगायत बाबु नानीलाई। भगवान् चाँडो साउदीबाट घर फर्काइदिनुहोस् म पनि यही प्रार्थना गर्छु। हङकङबाट,Positive,Neutral,0.52865070104599,64
कसैले याद नगरेको कुरा परमिताले घलेक गलत तर्फ लगाएकी छिन् है। घलेक जहिले पनि बायाँ तर्फ लगाउने हो। उनलाई थाहा नहुन सक्छ तर नृत्य निर्देशक र निर्णायकलाई थाहा हुनुपर्ने थियो।,Neutral,Negative,0.5282825231552124,76
यो पत्रकार हो कि प्रहरी अधिकारी?,Neutral,Negative,0.5282034873962402,14
"अपराधीलाई पनि त्यसरी नै मार्नु पर्छ बिचरा त्यो छोरीको के दोष थियो साह्रै मन रोयो छोरी तिम्रो आत्मालाई शान्ति मिलोस् ,,,😭",Neutral,Negative,0.5275196433067322,64
बल्ल सरको बोली खुलेछ 😊,Neutral,Positive,0.5266166925430298,15
यात्री जी एएपी१ का क्याप्टेन जी को गुलाम भएछन्। तपाईँ क्षमतावान् मान्छे हुनुहुन्छ स्वतन्त्र बन्नुहोस्।,Neutral,Positive,0.5261264443397522,53
निम्सङ दाईको उत्तरबाट धेरै सन्तुष्ट छु ,Positive,Neutral,0.5261192321777344,17
अनुहार हेर न नेताको। सही हो। एमसीसी चाहिँदैन एमसीसी चाहिँदैन,Neutral,Negative,0.5257962346076965,35
यो हो नि शैली ❣️❣️,Positive,Neutral,0.5254586338996887,9
रान्डीको छोरी भालु अफ द इयर्स 🇳🇵 नेपाल 🇳🇵😡,Negative,Neutral,0.5253721475601196,22
लीलाले दरो भेट्यो बोली बन्द,Negative,Neutral,0.5251838564872742,14
वास्तवमै यो शब्दले हृदय छोयो (त्यो सेतो भवन हो पछाडिको धरहरा होइन) ठ्याक्कै सेतो भवन।,Neutral,Negative,0.5249285697937012,48
प्रश्न सोध्ने तरिका भएन,Negative,Neutral,0.5233779549598694,14
धेरै रोएँ यो भिडियो हेरेर रुपेश सर एकपटक माफ गरिदिनु भन्नु पारसमणि भाईलाई यस्तो माया रहेछ दुई जनामा मिलाएर राख्नुहोस् प्लिज 😭🙏,Neutral,Positive,0.5228579640388489,70
यो नागदेवता होइन किङ कोब्रा हो किङ कोब्राले सर्प नै खान्छ (डिस्कभरी र एनिमल प्लानेट हेर्नुहोस् तपाईँहरूका नागदेवताहरू देखाउँछन्),Neutral,Negative,0.5226554274559021,67
सबैलाई गोल नै हान्न परेको छ अझै कति गोल हुन्थ्यो पास दिएको भए जे होस् अर्को खेल अझै राम्रो हुँदै जाओस्,Negative,Neutral,0.5221182703971863,50
राउटे भाईको राम्रो ठट्टा 😁,Negative,Neutral,0.5210373401641846,17
सर म बाजुराबाट तपाईँलाई सलाम छ। मेरो बाजुरा कहिले यस्तो होला? गम्भीर सोचमा छु सर ,Neutral,Positive,0.520756721496582,43
आँचल शर्मा सबैभन्दा कम घृणा गरिएकी व्यक्ति... 👿🙏,Neutral,Negative,0.5201624035835266,24
आधुनिक बाबाजीको लागि १ के लाइक है त 😀👍,Neutral,Positive,0.518021285533905,17
धेरै पछि राम्रो समाचार सुन्न पाइयो,Positive,Neutral,0.5174529552459717,17
जनार्दन शर्मा .... हार्दिक श्रद्धाञ्जली हार्दिक श्रद्धाञ्जली हार्दिक श्रद्धाञ्जली ,Negative,Neutral,0.5174142718315125,46
नेपालमा थोत्रो विमान ल्याएर यस्तो दुर्घटना भएको,Negative,Neutral,0.5171565413475037,22
मलाई अझै सम्झना छ अनुजा अग्रवाल डान्सिङ रियालिटी शोमा,Positive,Neutral,0.5165878534317017,33
डिभोर्स गर्नु नै राम्रो कुरा सुन्दा,Neutral,Positive,0.5150993466377258,17
1 डिग्री ज्वरो अझै बढ्यो होला कटवालको,Negative,Neutral,0.5149490833282471,21
अलि अभ्यास पुगेन उरुषा जी रोनित जी …. कृपया उरुषा जी मुडी नबनिदिनु रोनित जीको सङ्घर्षलाई पनि हेरिदिनु !!!,Negative,Neutral,0.5140681266784668,63
सूर्य जी रामकुमारी झाँक्रीको तुलनामा अलि अतार्किक लाग्यो,Negative,Neutral,0.5135328769683838,28
आत्मविश्वास चाहिँ ठिक्क मात्र भएको राम्रो है एलिजाको... धेरै होइन.. जे होस् तिमी सुष्मा रोक्का भन्दा राम्रो छौ 😊💕,Positive,Neutral,0.5105823278427124,56
भान्जा त हिरो हुँदो रहेछ,Positive,Negative,0.5104472637176514,17
हे भगवान सुस्मिमा बाहिरिइन् 🥹 दिन १ देखि राम्रो गर्दै आउनु भएको थियो। यसपालि कोही विजेता होला भनेको थिएँ धेरै दुःख लाग्यो 😞 चिन्ता नगर सुस्मिमा तिमी हाम्रो लागि पहिले नै विजेता हौ। धेरै माया ❤️❤️❤️,Neutral,Positive,0.5099830627441406,85
त्यत्रो धेरै प्रश्नहरू। अनि उत्तर चाहिँ यही हो? हास्यास्पद समयको बर्बादी,Negative,Neutral,0.5097277164459229,37
अन्तिममा गफ दिएको.. काठमाडौं पोखरा जहाँ गए पनि जित्थ्यो रे। ईस जित्छस् !!!!!!!!!!!!!,Negative,Neutral,0.5083399415016174,50
आनन्द छ यार प्रधानमन्त्री भनेको त बाठो र नयाँ सोच भएको हुनुपर्ने जस्तो पनि प्रधानमन्त्री हुने अनि देश पछाडिको पछाडि,Negative,Neutral,0.5081849098205566,53
जबसम्म मुस्लिम अल्पसंख्यक हुन्छ तबसम्म मात्र सम्मान हुन्छ... बहुसंख्यक हुन दे अनि नेपाली जनताले थाहा पाउँछन्,Negative,Neutral,0.508022665977478,48
1000%  सत्य सालिन सर। सल्युट छ। आइमाईको सबैभन्दा ठूलो पीडा सौता हो पक्कै।,Neutral,Positive,0.5073015093803406,39
रुँदा पनि कति नसुहाएको अभिनय भएपछि,Negative,Neutral,0.5064969062805176,21
काठमाडौंमा यस्तो छ। नेपाली हुनुमा धेरै गर्व नगर्नुहोस्,Negative,Positive,0.5064547061920166,29
साम्राज्ञीको कुरामा के तथ्य छ के कसैले बोल्नु वा आरोप लाउनु बित्तिकै ऊ त्यस्तै हुन्छ र ऋचा जी। तपाईँ कुरा मीठो गर्नुहुन्छ तर त्यसलाई व्यवहारमा उतार्न असफल हुनुहुन्छ ऋचा जी,Negative,Neutral,0.5059986114501953,85
दिनेश कटवालको कार्यक्रम प्रस्तुत गर्ने तरिका नै भएन यार,Negative,Neutral,0.5057960748672485,19
नानीको ठुलो साथी भएँ म पनि,Neutral,Positive,0.5057429671287537,14
यसरी नै अब एमसीसी पनि खारेज गर्नु पर्यो...,Neutral,Negative,0.5035703778266907,20
एनआइसी एसियाद्वारा संचालित जनता जान्न चाहन्छन् 😂 बैंकको कुरा आउँदा जोसिन्छन् प्रभात दाजु,Neutral,Negative,0.5032007098197937,42
पागल पत्रकार के प्रश्न गर्ने के भन्ने केही थाहा नभएको निम्न स्तरको रिपोर्टर यस्तो पनि नेपालको चर्चित रिपोर्टर रे?,Negative,Neutral,0.5027558207511902,46
समयले सबै सिकाउँछ तर यो राम्रो काम हो परिश्रम गर्नु फल एक दिन अवश्य पाउनुहुन्छ केही अप्ठ्यारो परे हामी छौं साथमा,Positive,Neutral,0.502611517906189,51
एकदम राम्रो जेनी जीलाई भेट्ने उपाय छ भने कृपया मलाई भन्दिनु होला ९८६०३२५३३३ मा,Neutral,Positive,0.5023192167282104,42
सुरजलाई सहयोग गरौँ भने सबै बाहिरको मान्छे मात्र छ काठमाडौँ उपत्यकाको सबै जनताहरू एमाले माओवादी कांग्रेसलाई सहयोग छ,Neutral,Negative,0.5015051364898682,52
अब नेपाल इस्ट इन्डिया अमेरिका बन्ला है !,Neutral,Negative,0.5014185905456543,15
ह्याङ्गआउट गर्ने ठाउँ थाहा छैन रे,Neutral,Negative,0.5001423954963684,19
नरेशको उद्घोषणले गर्दा कार्यक्रमलाई धेरै बाँधेर राख्छ ❣️,Positive,Neutral,0.4995826482772827,28
दाई नयाँ भिडियो आएन त आज २ दिन भयो। हामी तपाईँको नयाँ भिडियो पर्खिरहेका छौँ,Neutral,Positive,0.4959355592727661,41
प्राणेशले यो सबैभन्दा मूर्ख र अर्थहीन मान्छेको निमन्त्रणा किन स्वीकार गर्यो?,Negative,Neutral,0.4956232011318207,36
",कस्तो हावा डीएसपी रहेछ। प्रहरीकै अगाडि गाडी फुटाइरहेको छ प्रहरी अवाक् भएर हेरेर बसेको छ गल्ती भयो भन्न पनि सक्दैन। यही हो जवाफदेहिता?",Negative,Neutral,0.49521002173423767,75
बिग फन अधिप ब्रो अनि त्यसलाई मुद्दा हाल्नुपर्छ ब्रो 🥺❤,Neutral,Negative,0.49275147914886475,30
धमलाले हमला गराउनु भयो,Neutral,Negative,0.4925880432128906,13
जोडी नमिलेको पक्कै हो अनुजा र सुनिक बिक,Negative,Neutral,0.4917519688606262,23
हिन्दी फिल्म नेपालमा चलाउन हुने। नेपाली फिल्म अनुवाद गरेर इन्डियामा चल्न किन नहुने ??? आखिर इन्डियामा यो फिल्म चल्दा पनि हाम्रै देशको चर्चा हुने हो। नेपाललाई चिनाउने हो नि त.. यो फिल्म चल्न पर्छ ....❤️❤️❤️❤️❤️❤️,Positive,Neutral,0.4911109507083893,84
सलाम छ वकिल सर यो अर्को पागललाई पागलखानामा लानु,Negative,Neutral,0.4894605576992035,28
सुधिर दादा ❤️❤️ श्रीकृष्ण दादा ❤️ दुवै एउटै लाग्छ डान्स,Positive,Neutral,0.48876556754112244,32
आवाज अलि ठिक भएन धेरै प्रतिध्वनि (इको) भयो,Negative,Neutral,0.4884164333343506,23
एएपी१ लाउरे लाइभ गर्न फुटबल खेल नेपाल विरुद्ध इन्डियाको,Negative,Neutral,0.4838186800479889,23
मुस्लिमलाई पटक्कै सम्मान नगर्नुहोस्..,Negative,Positive,0.4834200441837311,20
विजेता आयुष पनि छ त,Neutral,Positive,0.48088791966438293,11
भगवान्ले सुजललाई राम्रो बनाइदिऊन्....,Neutral,Positive,0.48011621832847595,22
टाइगर लेडी अनिता सधैँ 🥰,Positive,Neutral,0.47712546586990356,16
सिम्रन मलाई पनि फलो गर है टिकटकमा,Neutral,Positive,0.4771239459514618,19
मैले यो सबै कथित पत्रकारहरूले भनेको बुझे अनुसार,Neutral,Negative,0.4763544797897339,22
अजय सोल्टी बुढीलाई माया धेरै भएको हो चिन्ता नगर कालो गए गोरो आउँछ,Neutral,Negative,0.47517940402030945,30
नेपालमा नायक र निर्देशकलाई पनि गाह्रो छ यार सबैलाई शुभकामना कमाई राम्रो होस् 😘😍 फिल्म चल्नु पर्यो यदि चलेन भने नेपालमा आगो बल्छ 🙏,Neutral,Positive,0.4751286506652832,53
पूरा अभिनय गर्दैछ यसले,Negative,Positive,0.47470614314079285,14
कस्तो प्रतिभाशाली व्यक्ति .. नेपाली जनताले उनलाई मौका दिनुपर्छ। अझै पनि त्यही बुढो नेताहरूलाई जितायौँ भने देश कहिले विकास हुँदैन,Neutral,Negative,0.4726369380950928,55
वर्ष २०३३ हो दिनेश सुनार राई २०२८ देखि नेपालको प्रधानमन्त्री छन् र सुगौली सन्धि खारेज गरिएको छ। जय नेपाल।,Neutral,Positive,0.4724305272102356,37
जेडी तिमी किन यति धेरै राम्रो छौ यार,Positive,Neutral,0.4720993638038635,18
समय अनुसार चल्नु पर्छ .... नेपाली इतिहासमा शीर्ष मध्येको एक... चलचित्र उद्योगले कोल्टे फेर्न लागेको हो... यदि यो फिल्म चल्यो भने हाम्रो नेपालीले राम्रो ठाउँ पाउँछ .....,Positive,Negative,0.47005078196525574,73
पाण्डे बुढी सम्हाल देश बनाउने मान्छे लाइनमा छन्.,Negative,Neutral,0.47002190351486206,25
अनि बिचारी यो नानी लै पो लास्ट माया लग्क्ष यार बे स्त्रोंग नानी गोद ब्लेस्सेद उ 🙏,Neutral,Negative,0.46796083450317383,43
२ पटक २ श्रीमान् 😃 एउटै शो मा 😂,Neutral,Positive,0.46768778562545776,18
तपाईँले पनि गज्जबको कुरा गर्नुहुन्छ बुढो,Neutral,Positive,0.4635699689388275,24
समाजको लागि यो एउटा सकारात्मक उदाहरण हो,Positive,Neutral,0.460776686668396,14
यो साले सूर्यको ताल हेर जनता ढुङ्गेल जी तपाईँ महान् हुनुहुन्छ सलाम,Neutral,Negative,0.45642322301864624,35
रणदीपको छोरो.. जीवनमा राम्रो अन्तर्वार्ता लिन सकेन यार,Negative,Neutral,0.44701796770095825,29
प्रीति आले बाहिरिनु पर्ने हो आज तर भोटले गर्दा उनी उत्कृष्ट २ मा आइन्,Negative,Neutral,0.44650503993034363,33
हे भगवान १०८ वर्षको मान्छे! साँच्चै अचम्मित भएँ..... मुवा आशीर्वाद पाऊँ....,Neutral,Positive,0.4432217478752136,45
मान्छे आवाज अभिनय सबै दुरुस्तै छ .. यस्तो पनि हुन्छ,Positive,Neutral,0.4413710832595825,26
अधिप देशलाई माया गर्ने मान्छे होइन। यो प्रमाणित भइसकेको छ। विमल अधिप भन्दा १०० गुणा राम्रो छ।,Negative,Neutral,0.4278995990753174,43
तपाईँलाई पनि म चिन्दिनँ नाम र चर्चाको लागि बोल्ने चुडेल। बोल्ने भए सही व्यक्तिको लागि बोल,Negative,Neutral,0.4181896448135376,41
२ जना त प्रेमी प्रेमिका जत्तिकै व्यवहार गर्छन् त हौ 😆 यो त ठट्टाको कुरा मात्रै भयो 😂 जे होस् राम्रो अन्तर्वार्ता ❤️,Positive,Negative,0.4165278971195221,56
१००० आर्य १ मङ्गोल। इमानदार हुन्छन् मङ्गोल,Positive,Negative,0.40377283096313477,21
अनलाइक गर्नेलाई मोबाइल चलाउन आउँदैन हो? के खान अनलाइक गरेको? नेपाली दाजुभाइ धेरै राम्रो काम,Negative,Positive,0.40367287397384644,42
धत्तेरिका कडा। हामीलाई उनी जस्तै धेरै मानिसहरूको खाँचो छ।,Positive,Neutral,0.3987540602684021,28
कति ल्याङ ल्याङ गरेको हो हामी यहाँ जापानमा हिन्दीमा हेर्न जाँदैछौँ। हाम्रो नेपाली फिल्म विश्व बजारमा जाँदैछ। हामीले सकारात्मक महसुस गर्नुपर्छ र यसलाई समर्थन गर्नुपर्छ। धेरै बकवास नगरौँ...,Negative,Neutral,0.3949146270751953,86
यसले अभिनय गर्न जानेन शिशिर दाजु......,Negative,Positive,0.3838675022125244,23
रहिसा उत्कृष्ट छिन् तर बुद्ध लामाले कहिल्यै बुझेनन् त्यसैले म बुद्ध लामाको कुनै गीत हेर्दिन धेरै घमण्ड छ बुद्ध लामालाई...,Negative,Neutral,0.3637218773365021,60
अब सुहाउने गर्छ शङ्करले कहिल्यै आश छैन त्यो त बबिता हिम्मत लिएर अघि बढ्नु शुभकामना 🤞,Neutral,Positive,0.357184499502182,50
चन्दलाई त्यत्रो मन परेको ...उफ..उफ्फ्फ्फ़,Negative,Positive,0.3457831144332886,21
कति कति मिथॊऒऒऒओ बोलि हो हजर को मुआ 😍😚😑😚😊☺,Positive,Negative,0.3423205316066742,19
