loss,grad_norm,learning_rate,epoch,step,eval_loss,eval_accuracy,eval_macro_f1,eval_micro_f1,eval_weighted_f1,eval_runtime,eval_samples_per_second,eval_steps_per_second,train_runtime,train_samples_per_second,train_steps_per_second,total_flos,train_loss,train_accuracy,train_macro_f1,train_micro_f1,train_weighted_f1,val_loss,val_accuracy,val_macro_f1,val_micro_f1,val_weighted_f1,val_runtime,val_samples_per_second,val_steps_per_second
0.557884931564331,5.060677528381348,0.0,0.0037313432835820895,1,,,,,,,,,,,,,,,,,,,,,,,,,
0.5081594387690226,7.078845977783203,1.791044776119403e-06,0.09328358208955224,25,,,,,,,,,,,,,,,,,,,,,,,,,
0.49745147705078124,1.7945544719696045,3.656716417910448e-06,0.1865671641791045,50,,,,,,,,,,,,,,,,,,,,,,,,,
0.4953716278076172,1.7364484071731567,5.522388059701493e-06,0.2798507462686567,75,,,,,,,,,,,,,,,,,,,,,,,,,
0.48913211822509767,4.060600757598877,7.3880597014925385e-06,0.373134328358209,100,,,,,,,,,,,,,,,,,,,,,,,,,
0.431773681640625,24.18658447265625,9.253731343283582e-06,0.4664179104477612,125,,,,,,,,,,,,,,,,,,,,,,,,,
0.3675212860107422,8.092855453491211,9.875621890547264e-06,0.5597014925373134,150,,,,,,,,,,,,,,,,,,,,,,,,,
0.3618154525756836,7.952328681945801,9.668325041459371e-06,0.6529850746268657,175,,,,,,,,,,,,,,,,,,,,,,,,,
0.3217626571655273,10.814464569091797,9.461028192371477e-06,0.746268656716418,200,,,,,,,,,,,,,,,,,,,,,,,,,
0.3209471130371094,16.554420471191406,9.253731343283582e-06,0.8395522388059702,225,,,,,,,,,,,,,,,,,,,,,,,,,
0.3213125991821289,11.797872543334961,9.04643449419569e-06,0.9328358208955224,250,,,,,,,,,,,,,,,,,,,,,,,,,
,,,1.0,268,0.26737040281295776,0.725912067352666,0.7208048105741184,0.725912067352666,0.7192454476289438,0.8846,1208.504,38.437,,,,,,,,,,,,,,,,,
0.3047256088256836,10.748650550842285,8.839137645107795e-06,1.0261194029850746,275,,,,,,,,,,,,,,,,,,,,,,,,,
0.32085830688476563,2.9453279972076416,8.631840796019902e-06,1.1194029850746268,300,,,,,,,,,,,,,,,,,,,,,,,,,
0.27937746047973633,8.779706954956055,8.424543946932008e-06,1.212686567164179,325,,,,,,,,,,,,,,,,,,,,,,,,,
0.2684175491333008,10.728964805603027,8.217247097844113e-06,1.3059701492537314,350,,,,,,,,,,,,,,,,,,,,,,,,,
0.2900277328491211,18.70903968811035,8.00995024875622e-06,1.3992537313432836,375,,,,,,,,,,,,,,,,,,,,,,,,,
0.2546160125732422,5.963826656341553,7.802653399668326e-06,1.4925373134328357,400,,,,,,,,,,,,,,,,,,,,,,,,,
0.24514320373535156,8.435425758361816,7.595356550580431e-06,1.585820895522388,425,,,,,,,,,,,,,,,,,,,,,,,,,
0.26146482467651366,4.729097843170166,7.3880597014925385e-06,1.6791044776119404,450,,,,,,,,,,,,,,,,,,,,,,,,,
0.24555932998657226,14.420876502990723,7.180762852404643e-06,1.7723880597014925,475,,,,,,,,,,,,,,,,,,,,,,,,,
0.2431313896179199,7.568126678466797,6.97346600331675e-06,1.8656716417910446,500,,,,,,,,,,,,,,,,,,,,,,,,,
0.23471145629882811,6.872202396392822,6.766169154228857e-06,1.9589552238805972,525,,,,,,,,,,,,,,,,,,,,,,,,,
,,,2.0,536,0.21488426625728607,0.7586529466791394,0.7557976423898144,0.7586529466791394,0.7542846517817999,0.9139,1169.689,37.202,,,,,,,,,,,,,,,,,
0.21378602981567382,6.9075140953063965,6.558872305140962e-06,2.0522388059701493,550,,,,,,,,,,,,,,,,,,,,,,,,,
0.22804895401000977,13.083666801452637,6.3515754560530685e-06,2.1455223880597014,575,,,,,,,,,,,,,,,,,,,,,,,,,
0.23085498809814453,9.928186416625977,6.144278606965175e-06,2.2388059701492535,600,,,,,,,,,,,,,,,,,,,,,,,,,
0.21344160079956054,4.627141952514648,5.93698175787728e-06,2.332089552238806,625,,,,,,,,,,,,,,,,,,,,,,,,,
0.20685487747192383,19.526935577392578,5.729684908789387e-06,2.425373134328358,650,,,,,,,,,,,,,,,,,,,,,,,,,
0.2392587471008301,8.015536308288574,5.522388059701493e-06,2.5186567164179103,675,,,,,,,,,,,,,,,,,,,,,,,,,
0.2104343032836914,4.431342124938965,5.3150912106135985e-06,2.611940298507463,700,,,,,,,,,,,,,,,,,,,,,,,,,
0.22660718917846678,11.59604263305664,5.107794361525705e-06,2.705223880597015,725,,,,,,,,,,,,,,,,,,,,,,,,,
0.2155126953125,19.356279373168945,4.900497512437811e-06,2.798507462686567,750,,,,,,,,,,,,,,,,,,,,,,,,,
0.18728797912597656,9.366020202636719,4.6932006633499176e-06,2.8917910447761193,775,,,,,,,,,,,,,,,,,,,,,,,,,
0.23245227813720704,12.475920677185059,4.485903814262024e-06,2.9850746268656714,800,,,,,,,,,,,,,,,,,,,,,,,,,
,,,3.0,804,0.20241817831993103,0.7736202057998129,0.7709273539460771,0.7736202057998129,0.769195245909403,0.921,1160.697,36.916,,,,,,,,,,,,,,,,,
0.18853124618530273,9.885710716247559,4.278606965174129e-06,3.078358208955224,825,,,,,,,,,,,,,,,,,,,,,,,,,
0.18271783828735352,9.80313777923584,4.071310116086236e-06,3.171641791044776,850,,,,,,,,,,,,,,,,,,,,,,,,,
0.1801445198059082,11.220985412597656,3.864013266998342e-06,3.264925373134328,875,,,,,,,,,,,,,,,,,,,,,,,,,
0.18664319992065428,7.820853233337402,3.656716417910448e-06,3.3582089552238807,900,,,,,,,,,,,,,,,,,,,,,,,,,
0.18248090744018555,4.9793829917907715,3.449419568822554e-06,3.451492537313433,925,,,,,,,,,,,,,,,,,,,,,,,,,
0.20117578506469727,15.225961685180664,3.2421227197346607e-06,3.544776119402985,950,,,,,,,,,,,,,,,,,,,,,,,,,
0.1790291213989258,18.402631759643555,3.0348258706467666e-06,3.638059701492537,975,,,,,,,,,,,,,,,,,,,,,,,,,
0.1966400909423828,3.6032474040985107,2.8275290215588725e-06,3.7313432835820897,1000,,,,,,,,,,,,,,,,,,,,,,,,,
0.18724021911621094,6.6993794441223145,2.6202321724709784e-06,3.824626865671642,1025,,,,,,,,,,,,,,,,,,,,,,,,,
0.17406139373779297,12.77551555633545,2.4129353233830848e-06,3.917910447761194,1050,,,,,,,,,,,,,,,,,,,,,,,,,
,,,4.0,1072,0.20933471620082855,0.7689429373246024,0.7664215584339589,0.7689429373246024,0.7649303460359596,0.9092,1175.774,37.396,,,,,,,,,,,,,,,,,
0.1818275833129883,3.916785955429077,2.2056384742951907e-06,4.0111940298507465,1075,,,,,,,,,,,,,,,,,,,,,,,,,
0.16590505599975586,5.739683628082275,1.998341625207297e-06,4.104477611940299,1100,,,,,,,,,,,,,,,,,,,,,,,,,
0.19163761138916016,21.411598205566406,1.791044776119403e-06,4.197761194029851,1125,,,,,,,,,,,,,,,,,,,,,,,,,
0.15209954261779784,25.919740676879883,1.5837479270315093e-06,4.291044776119403,1150,,,,,,,,,,,,,,,,,,,,,,,,,
0.16691465377807618,4.670783042907715,1.3764510779436154e-06,4.384328358208955,1175,,,,,,,,,,,,,,,,,,,,,,,,,
0.19057071685791016,22.726909637451172,1.1691542288557215e-06,4.477611940298507,1200,,,,,,,,,,,,,,,,,,,,,,,,,
0.15686064720153808,4.7019267082214355,9.618573797678277e-07,4.57089552238806,1225,,,,,,,,,,,,,,,,,,,,,,,,,
0.17171884536743165,4.9159393310546875,7.545605306799338e-07,4.664179104477612,1250,,,,,,,,,,,,,,,,,,,,,,,,,
0.1666802406311035,3.9972832202911377,5.472636815920398e-07,4.757462686567164,1275,,,,,,,,,,,,,,,,,,,,,,,,,
0.1619874954223633,11.623613357543945,3.3996683250414595e-07,4.850746268656716,1300,,,,,,,,,,,,,,,,,,,,,,,,,
0.16590993881225585,9.801697731018066,1.3266998341625208e-07,4.9440298507462686,1325,,,,,,,,,,,,,,,,,,,,,,,,,
,,,5.0,1340,0.20966532826423645,0.7839101964452759,0.7833069844099256,0.7839101964452759,0.7820055822311917,0.9,1187.765,37.777,,,,,,,,,,,,,,,,,
,,,5.0,1340,,,,,,,,,248.0489,172.325,5.402,1360062034266096.0,0.2481737604781763,,,,,,,,,,,,
,,,5.0,1340,,,,,,,,,0.827,1209.229,38.695,,0.13750556111335754,0.818,0.8176932792396459,0.818,0.8150396367395808,,,,,,,,
,,,5.0,1340,,,,,,,,,,,,,,,,,,0.20966532826423645,0.7839101964452759,0.7833069844099256,0.7839101964452759,0.7820055822311917,0.8129,1315.124,41.828
